﻿<?xml version="1.0" encoding="utf-8" standalone="no"?>
<modDesc descVersion="72">
    <author>Papafra16-Univers Simu Modding</author>
    <version>1.0.0.0</version>
    <title>
        <en>Sicma Alfa 3000</en>
    </title>

<description>
<en><![CDATA[
Sicma Alfa 3000

Price: $30,000
Max. working speed: 15 kph
Required power: 120 hp
Capacity: 1200 + 800 l
Working width: 3.0 m
]]></en>
<de><![CDATA[
Sicma Alfa 3000

Preis: 30.000 €
Arbeitsgeschwindigkeit: 15 km/h
Benötigte Leistung: 120 PS
Kapazität: 1200 + 800 l
Arbeitsbreite: 3.0 m
]]></de>
<fr><![CDATA[
Sicma Alfa 3000

Prix: 30.000 €
Vitesse de travail : 15 km/h
Puissance requise : 120 ch
Capacité : 1200 + 800 l
Largeur de travail : 3.0 m
]]></fr>
</description>
	<l10n>
		<text name="bleu">
			<en>Blue</en>
			<fr>Bleu</fr>
			<de>Blau</de>
		</text>
		<text name="gris">
			<en>Grey</en>
			<fr>Gris</fr>
			<de>Grau</de>
		</text>
	</l10n>	
    <iconFilename>Icon_progress.png</iconFilename>
    <multiplayer supported="true"/>
    <storeItems>
        <storeItem xmlFilename="Sulky_progress.xml"/>
    </storeItems>
	<brands>
        <brand name="Sicma" title="Sicma" image="sicma.dds"/>
    </brands>
</modDesc>
