﻿<?xml version="1.0" encoding="utf-8" standalone="no"?>
<vehicle type="fertilizingSowingMachine">
	<annotation>Copyright (C) GIANTS Software GmbH, All Rights Reserved.</annotation>
	<storeData>
		<name>
			<en>Sicma Alfa 3000</en>
		</name>
		<specs>
			<neededPower>120</neededPower>
			<workingWidth>3.0</workingWidth>
		</specs>
		<functions>
			<function>$l10n_function_sowingMachine</function>
			<function>$l10n_function_sowingMachineDirect</function>
		</functions>
		<image>Store_progress.png</image>
		<price>30000</price>
		<lifetime>600</lifetime>
		<rotation>0</rotation>
		<brand>Sicma</brand>
		<category>seeders</category>
        <vertexBufferMemoryUsage>2577920</vertexBufferMemoryUsage>
        <indexBufferMemoryUsage>411392</indexBufferMemoryUsage>
        <textureMemoryUsage>4063232</textureMemoryUsage>
        <audioMemoryUsage>0</audioMemoryUsage>
        <instanceVertexBufferMemoryUsage>0</instanceVertexBufferMemoryUsage>
        <instanceIndexBufferMemoryUsage>0</instanceIndexBufferMemoryUsage>
	</storeData>
	<base>
		<typeDesc>$l10n_typeDesc_sowingMachine</typeDesc>
		<filename>ProgressP100.i3d</filename>
		<size width="4" length="4"/>
		<speedLimit value="11"/>
		<components>
			<component centerOfMass="0 0.5 0" solverIterationCount="15" mass="1380"/>
			<component centerOfMass="0 0.2 0" solverIterationCount="15" mass="100"/>
			<joint component1="1" component2="2" node="componentJoint0" rotLimit="0 0 0" transLimit="0 0.1 0" breakable="false"/>
		</components>
		<schemaOverlay attacherJointPosition="0 0" name="IMPLEMENT"/>
		<mapHotspot type="TOOL"/>
	</base>
	<wheels>
		<wheelConfigurations>
			<wheelConfiguration name="$l10n_configuration_valueDefault" price="0">
				<wheels hasSurfaceSounds="true">
					<wheel hasParticles="true">
						<physics rotSpeed="0" restLoad="0.4" repr="Rouleau_wheel" forcePointRatio="0.3" radius="0.15" width="0.26" mass="0.06" initialCompression="50" suspTravel="0.02" spring="160" damper="50" rotationDamping="0.004" brakeFactor="0"/>
					</wheel>
				</wheels>
			</wheelConfiguration>
		</wheelConfigurations>
	</wheels>
	<lights>
		<sharedLight linkNode="rearProgressLeft" filename="lights/rearProgressLeft.xml"/>
		<sharedLight linkNode="rearProgressRight" filename="lights/rearProgressRight.xml"/>
		<sharedLight linkNode="rearTurnLeft" filename="lights/rearTurnLeft.xml"/>
		<sharedLight linkNode="rearTurnRight" filename="lights/rearTurnRight.xml"/>
		<realLights>
			<high>
				<light node="defaultLight" lightTypes="0"/>
				<brakeLight node="defaultLight"/>
				<reverseLight node="reverseLight"/>
				<turnLightLeft node="turnLightLeft"/>
				<turnLightRight node="turnLightRight"/>
			</high>
		</realLights>
	</lights>
	<speedRotatingParts>
		<speedRotatingPart node="Rouleau_vis" radius="0.22" groundReferenceNodeIndex="1"/>
		<speedRotatingPart node="roulettes_rappuie" radius="0.155" groundReferenceNodeIndex="1"/>
		<speedRotatingPart node="roulettes_rappuie2" radius="0.155" groundReferenceNodeIndex="1"/>
		<speedRotatingPart node="leftRidgeMarkerWheel" radius="0.16" groundReferenceNodeIndex="2"/>
		<speedRotatingPart node="rightRidgeMarkerWheel" radius="0.16" groundReferenceNodeIndex="3"/>
		<speedRotatingPart shaderNode="Disque" radius="0.28" groundReferenceNodeIndex="1"/>
	</speedRotatingParts>
	<attachable>
		<inputAttacherJoints>
			<inputAttacherJoint node="attacherJoint" jointType="implement" topReferenceNode="attacherJointTop" lowerTransLimitScale="0 1 0" upperRotationOffset="3" lowerRotLimitScale="0 0 0" forcedAttachingDirection="-1">
				<distanceToGround lower="0.55" upper="0.9"/>
			</inputAttacherJoint>
		</inputAttacherJoints>
	</attachable>
	<powerTakeOffs>
		<input inputAttacherJointIndices="1" detachNode="ptoDetachNode" inputNode="ptoInputNode" aboveAttacher="true"/>
	</powerTakeOffs>
	<groundReferenceNodes>
		<groundReferenceNode node="0>" forceFactor="1" threshold="0.1" depthNode="0>0|5"/>
		<groundReferenceNode node="0>0|13|0|3" forceFactor="0" threshold="0" depthNode="0>0|13|0|3"/>
		<groundReferenceNode node="0>0|14|0|3" forceFactor="0" threshold="0" depthNode="0>0|14|0|3"/>
	</groundReferenceNodes>
	<workAreas>
			<workArea type="sowingMachine" functionName="processSowingMachineArea">
			<area startNode="0>0|4|0" widthNode="0>0|4|1" heightNode="0>0|4|2"/>
			<groundReferenceNode index="1"/>
            <onlyActiveWhenLowered value="true"/>
		</workArea>
		<workArea type="ridgemarker" functionName="processRidgeMarkerArea" disableBackwards="false" needsSetIsTurnedOn="false">
			<ridgeMarkerArea node="0>0|13|0|5" size="0.1" testAreaOffset="0.75"/>
			<groundReferenceNode index="2"/>
			<onlyActiveWhenLowered value="false"/>
		</workArea>
		<workArea type="ridgemarker" functionName="processRidgeMarkerArea" disableBackwards="false" needsSetIsTurnedOn="false">
			<ridgeMarkerArea node="0>0|14|0|5" size="0.1" testAreaOffset="0.75"/>
			<groundReferenceNode index="3"/>
			<onlyActiveWhenLowered value="false"/>
		</workArea>
	</workAreas>
	<ridgeMarker onlyActiveWhenLowered="true">
		<marker animName="leftArm" workAreaIndex="2"/>
		<marker animName="rightArm" workAreaIndex="3"/>
	</ridgeMarker>
	<workParticles>
		<effect workAreaIndex="1">
			<effectNode effectClass="CultivatorMotionPathEffect" effectType="CULTIVATOR" linkNode="0>0|18|2">
				<motionPathEffect textureFilename="$data/vehicles/amazone/kg3001Super/rollerEffect01Array.dds" numRows="30" rowLength="18" minFade="0.07" densityScale="0.35"/>
			</effectNode>
		</effect>
		<effect workAreaIndex="1">
			<effectNode effectClass="CultivatorMotionPathEffect" effectType="CULTIVATOR" linkNode="0>0|19|0">
				<motionPathEffect textureFilename="$data/effects/cultivator/arrays/sweepArray.dds" numRows="60" rowLength="18"/>
			</effectNode>
			<effectNode effectClass="CultivatorMotionPathEffect" effectType="CULTIVATOR" linkNode="0>0|19|1">
				<motionPathEffect textureFilename="$data/effects/cultivator/arrays/sweepArray.dds" numRows="60" rowLength="18"/>
			</effectNode>
		</effect>
		<effect workAreaIndex="2">
			<effectNode effectClass="CultivatorMotionPathEffect" effectType="CULTIVATOR" linkNode="0>0|13|0|1">
				<motionPathEffect textureFilename="$data/effects/cultivator/arrays/sweepArray.dds" numRows="60" rowLength="18"/>
			</effectNode>
		</effect>
		<effect workAreaIndex="3">
			<effectNode effectClass="CultivatorMotionPathEffect" effectType="CULTIVATOR" linkNode="0>0|14|0|1">
				<motionPathEffect textureFilename="$data/effects/cultivator/arrays/sweepArray.dds" numRows="60" rowLength="18"/>
			</effectNode>
		</effect>
		<effect workAreaIndex="1" activeDirection="0" needsSetIsTurnedOn="true">
			<effectNode effectClass="CultivatorMotionPathEffect" effectType="CULTIVATOR" linkNode="0>0|18|3">
				<motionPathEffect textureFilename="$data/vehicles/amazone/kg3001Super/rotationEffect01Array.dds" numRows="20" rowLength="18" minFade="0.07" speedScale="1"/>
			</effectNode>
		</effect>
		<particle>
			<node node="0>0|18|0|0" refNodeIndex="1" particleType="SOIL_SMOKE" emitCountScale="2.5"/>
		</particle>
	</workParticles>
	<fillUnit>
		<fillUnitConfigurations>
			<fillUnitConfiguration>
				<fillUnits>
					<unloading width="7.5" offset="0 0 0"/>
					<fillUnit unitTextOverride="$l10n_unit_literShort" fillTypes="seeds" capacity="1200">
						<exactFillRootNode node="0>0|21" extraEffectDistance="0"/>
					</fillUnit>
					<fillUnit unitTextOverride="$l10n_unit_literShort" fillTypes="fertilizer" capacity="800">
						<exactFillRootNode node="0>0|17" extraEffectDistance="0"/>
					</fillUnit>
				</fillUnits>
			</fillUnitConfiguration>
		</fillUnitConfigurations>
	</fillUnit>
	<fillVolume>
		<fillVolumeConfigurations>
			<fillVolumeConfiguration>
				<volumes>
					<volume node="fillVolumeSeeds" maxAllowedHeapAngle="3" fillUnitIndex="1" />
					<volume node="fillVolumeFertilizer" maxAllowedHeapAngle="3" fillUnitIndex="2" />
				</volumes>
			</fillVolumeConfiguration>
		</fillVolumeConfigurations>
		<unloadInfos>
			<unloadInfo>
				<node node="unloadNodeseeds" width="1.4" length="0.1"/>
			</unloadInfo>
			<unloadInfo>
				<node node="unloadNodeferti" width="1.4" length="0.1"/>
			</unloadInfo>
		</unloadInfos>
		<loadInfos>
			<loadInfo>
				<node node="loadNodeseeds" width="1.4" length="0.1"/>
			</loadInfo>
			<loadInfo>
				<node node="loadNodeferti" width="1.4" length="0.1"/>
			</loadInfo>
		</loadInfos>
	</fillVolume>
	<powerConsumer forceNode="0>" maxForce="8" ptoRpm="470" neededMaxPtoPower="37"/>
	<cover>
		<coverConfigurations>
			<coverConfiguration>
				<cover openAnimation="toggleCover" fillUnitIndices="1 2" openOnBuy="false"/>
			</coverConfiguration>
		</coverConfigurations>
	</cover>
	<animations>
		<animation name="rightArm">
			<part node="TraceurDroit" startTime="0" duration="1.5" startRot="0 0 0" endRot="0 0 105"/>
            <sound template="hingeMedium"    startTime="0.15" direction="1"   volumeScale="3.0" pitchScale="0.3"/>
            <sound template="hingeMedium"    startTime="0.15" direction="-1"  volumeScale="2.0" pitchScale="0.9"/>
		</animation>
		<animation name="leftArm">
			<part node="TraceurGauche" startTime="0" duration="1.5" startRot="0 0 0" endRot="0 0 -105"/>
            <sound template="hingeMedium"    startTime="0.15" direction="1"   volumeScale="3.0" pitchScale="0.3"/>
            <sound template="hingeMedium"    startTime="0.15" direction="-1"  volumeScale="2.0" pitchScale="0.9"/>
		</animation>
		<animation name="toggleCover">
			<part node="Cover1" startTime="0" endTime="3" startRot="0.2 0 0" endRot="80 0 0"/>
            <sound template="clackVar4" startTime="2.99" direction="1" volumeScale="1.2" pitchScale="1.6" />
            <sound template="clackVar6" startTime="0.01" direction="1" volumeScale="0.6" pitchScale="1.5" />
            <sound template="clackVar5" startTime="0.01" direction="1" volumeScale="0.6" pitchScale="1.5" />
            <sound template="clackVar6" startTime="2.99" direction="-1" volumeScale="0.6" pitchScale="1.5" />
            <sound template="clackVar4" startTime="0.01" direction="-1" volumeScale="1.2" pitchScale="1.5" />
            <sound template="clackVar6" startTime="0.01" direction="-1" volumeScale="0.6" pitchScale="1.3" />
            <sound template="clackVar5" startTime="0.01" direction="1" volumeScale="0.6" pitchScale="1.3" />
            <sound template="hingeSmall" startTime="0.1"  direction="1"  volumeScale="0.2" pitchScale="0.7"/>
		</animation>
	</animations>
	<cylindered>
		<movingTools>
			<movingTool node="TraceurGauche" playSound="true">
				<dependentPart node="VerinTraceurGauche"/>
			</movingTool>
			<movingTool node="TraceurDroit" playSound="true">
				<dependentPart node="VerinTraceurDroit"/>
			</movingTool>
			<movingTool node="Cover1" playSound="false">
				<dependentPart node="VerinCover"/>
			</movingTool>
		</movingTools>
		<movingParts>
			<movingPart node="VerinTraceurGauche" referencePoint="VerinTraceurGaucheRef" referenceFrame="VerinTraceurGaucheRef">
				<translatingPart node="VerinTraceurGauchePush"/>
			</movingPart>
			<movingPart node="VerinTraceurDroit" referencePoint="VerinTraceurDroitRef" referenceFrame="VerinTraceurDroitRef">
				<translatingPart node="VerinTraceurDroitPush"/>
			</movingPart>
			<movingPart node="VerinCover" referencePoint="VerinCoverRef" referenceFrame="VerinCoverRef">
				<translatingPart node="VerinCoverPush"/>
			</movingPart>
			<movingPart node="backArm" referencePoint="backArmRef" referenceFrame="referenceFrame" isActiveDirty="true" maxUpdateDistance="300"/>
			<movingPart node="weeder" referencePoint="weederRef" referenceFrame="referenceFrame" isActiveDirty="true" maxUpdateDistance="300"/>
			<movingPart node="weederHydraulics" referencePoint="weederHydraulicsRef" referenceFrame="weederHydraulicsRef" scaleZ="true" isActiveDirty="true" maxUpdateDistance="300"/>
			<movingPart node="springDirection" referencePoint="springDirectionRef" referenceFrame="springDirectionRef" isActiveDirty="true" doDirectionAlignment="false" maxUpdateDistance="300">
				<translatingPart node="springTranslation"/>
			</movingPart>
			<movingPart node="springScale" referencePoint="weederHydraulicsRef" referenceFrame="weederHydraulicsRef" scaleZ="true" isActiveDirty="true" doDirectionAlignment="false" maxUpdateDistance="300"/>
		</movingParts>
		<sounds>
			<hydraulic template="defaultHydraulicSound" linkNode="0>"/>
		</sounds>
	</cylindered>
	
	<sowingMachine fillUnitIndex="1">
		<seedFruitTypeCategories>sowingMachine</seedFruitTypeCategories>
		<needsActivation value="true"/>
		<useDirectPlanting value="true"/>
       <fieldGroundType value="SOWN" />
		<sounds>
			<work template="DEFAULT_SOWING_WORK" linkNode="0>"/>
			<airBlower template="DEFAULT_SOWING_AIR_BLOWER" linkNode="0>"/>
		</sounds>
		<animationNodes>
			<animationNode node="turnOnRotationNode01" rotSpeed="2000" turnOnFadeTime="2" turnOffFadeTime="2"/>
			<animationNode node="turnOnRotationNode02" rotSpeed="-2000" turnOnFadeTime="2" turnOffFadeTime="2"/>
			<animationNode node="turnOnRotationNode03" rotSpeed="2000" turnOnFadeTime="2" turnOffFadeTime="2"/>
			<animationNode node="turnOnRotationNode04" rotSpeed="-2000" turnOnFadeTime="2" turnOffFadeTime="2"/>
			<animationNode node="turnOnRotationNode05" rotSpeed="2000" turnOnFadeTime="2" turnOffFadeTime="2"/>
			<animationNode node="turnOnRotationNode06" rotSpeed="-2000" turnOnFadeTime="2" turnOffFadeTime="2"/>
			<animationNode node="turnOnRotationNode07" rotSpeed="2000" turnOnFadeTime="2" turnOffFadeTime="2"/>
			<animationNode node="turnOnRotationNode08" rotSpeed="-2000" turnOnFadeTime="2" turnOffFadeTime="2"/>
			<animationNode node="turnOnRotationNode09" rotSpeed="2000" turnOnFadeTime="2" turnOffFadeTime="2"/>
			<animationNode node="turnOnRotationNode10" rotSpeed="-2000" turnOnFadeTime="2" turnOffFadeTime="2"/>
			<animationNode node="turnOnRotationNode11" rotSpeed="2000" turnOnFadeTime="2" turnOffFadeTime="2"/>
			<animationNode node="turnOnRotationNode12" rotSpeed="-2000" turnOnFadeTime="2" turnOffFadeTime="2"/>
		</animationNodes>
	</sowingMachine>
	<sprayer fillUnitIndex="2" unloadInfoIndex="2" loadInfoIndex="2">
		<usageScales workingWidth="3" scale="1"/>
	</sprayer>
	<baseMaterial>
		<material name="Mat_sulky" baseNode="Sulky_Vis">
			<shaderParameter name="colorMat0" value="0.05 0.05 0.06 0"/>
		</material>
	</baseMaterial>
	<baseMaterialConfigurations useDefaultColors="false" defaultColorIndex="0">
		<material name="Mat_sulky" shaderParameter="colorMat0"/>
		<baseMaterialConfiguration name="$l10n_gris" color="0.05 0.05 0.06 0"/>
		<baseMaterialConfiguration name="$l10n_bleu" color="0.01 0.3 0.4 0"/>
	</baseMaterialConfigurations>
	<connectionHoses>
		<hose inputAttacherJointIndices="1" type="hydraulicIn" node="Hoses01" length="1.4" diameter="0.015">
			<objectChange node="Hoses013d" visibilityActive="false" visibilityInactive="true"/>
		</hose>
		<hose inputAttacherJointIndices="1" type="hydraulicOut" node="Hoses02" length="1.4" diameter="0.015">
			<objectChange node="Hoses023d" visibilityActive="false" visibilityInactive="true"/>
		</hose>
		<hose inputAttacherJointIndices="1" type="hydraulicIn" node="Hoses03" length="1.4" diameter="0.015">
			<objectChange node="Hoses033d" visibilityActive="false" visibilityInactive="true"/>
		</hose>
		<hose inputAttacherJointIndices="1" type="hydraulicOut" node="Hoses04" length="1.4" diameter="0.015">
			<objectChange node="Hoses043d" visibilityActive="false" visibilityInactive="true"/>
		</hose>
	</connectionHoses>
	<dynamicallyLoadedParts>
		<dynamicallyLoadedPart node="1|0" linkNode="hydraulic01" filename="$data/shared/connectionHoses/connectors.i3d"/>
		<dynamicallyLoadedPart node="1|0" linkNode="hydraulic02" filename="$data/shared/connectionHoses/connectors.i3d"/>
		<dynamicallyLoadedPart node="1|0" linkNode="hydraulic03" filename="$data/shared/connectionHoses/connectors.i3d"/>
		<dynamicallyLoadedPart node="1|0" linkNode="hydraulic04" filename="$data/shared/connectionHoses/connectors.i3d"/>
	</dynamicallyLoadedParts>
	<wearable wearDuration="480" workMultiplier="5" fieldMultiplier="2"/>
	<washable dirtDuration="90" washDuration="1" workMultiplier="4" fieldMultiplier="2"/>
	<foliageBending>
		<bendingNode minX="-1.6" maxX="1.6" minZ="-0.8" maxZ="0.8" yOffset="0.2"/>
	</foliageBending>
	<ai>
		<areaMarkers leftNode="arealeft" rightNode="areaRight" backNode="areaBack"/>
		<sizeMarkers leftNode="arealeft" rightNode="areaRight" backNode="areaBack"/>
		<collisionTrigger node="0>0|20|3" width="3.2" height="1.4"/>
		<needsLowering value="true"/>
		<agentAttachment width="3.1" height="1.4" length="1.65" lengthOffset="-0.2"/>
	</ai>
	<i3dMappings>
		<i3dMapping id="Sulky_Vis" node="0>0"/>
		<i3dMapping id="attacherJoint" node="0>0|0"/>
		<i3dMapping id="ptoDetachNode" node="0>0|2|0"/>
		<i3dMapping id="ptoInputNode" node="0>0|2"/>
		<i3dMapping id="attacherJointTop" node="0>0|1"/>
		<i3dMapping id="Rouleau_vis" node="0>0|12|0"/>
		<i3dMapping id="Rouleau_wheel" node="0>0|12|1"/>
		<i3dMapping id="roulettes_rappuie" node="0>0|9|1"/>
		<i3dMapping id="roulettes_rappuie2" node="0>0|9|2"/>
		<i3dMapping id="soilAnimation" node="0>0|18|0|0"/>
		<i3dMapping id="soilEmitShape" node="0>0|18|0|1"/>
		<i3dMapping id="dustEmitterShape" node="0>0|18|0|2"/>
		<i3dMapping id="centerAnimationLeft" node="0>0|19|0"/>
		<i3dMapping id="centerAnimationRight" node="0>0|19|1"/>
		<i3dMapping id="Cover1" node="0>0|15|0"/>
		<i3dMapping id="Cover2" node="0>0|15|1"/>
		<i3dMapping id="fillVolumeSeeds" node="0>0|16|0"/>
		<i3dMapping id="fillVolumeFertilizer" node="0>0|16|3"/>
		<i3dMapping id="unloadNodeseeds" node="0>0|16|1"/>
		<i3dMapping id="unloadNodeferti" node="0>0|16|4"/>
		<i3dMapping id="loadNodeseeds" node="0>0|16|2"/>
		<i3dMapping id="loadNodeferti" node="0>0|16|5"/>
		<i3dMapping id="Disque" node="0>0|9|0"/>
		<i3dMapping id="leftRidgeMarkerWheel" node="0>0|13|0|0|0"/>
		<i3dMapping id="rightRidgeMarkerWheel" node="0>0|14|0|0|0"/>
		<i3dMapping id="rearProgressLeft" node="0>0|23|0"/>
		<i3dMapping id="rearProgressRight" node="0>0|23|1"/>
		<i3dMapping id="rearTurnLeft" node="0>0|23|2"/>
		<i3dMapping id="rearTurnRight" node="0>0|23|3"/>
		<i3dMapping id="defaultLight" node="0>0|23|4"/>
		<i3dMapping id="reverseLight" node="0>0|23|7"/>
		<i3dMapping id="turnLightLeft" node="0>0|23|6"/>
		<i3dMapping id="turnLightRight" node="0>0|23|5"/>
		<i3dMapping id="turnOnRotationNode01" node="0>0|10|0"/>
		<i3dMapping id="turnOnRotationNode02" node="0>0|10|1"/>
		<i3dMapping id="turnOnRotationNode03" node="0>0|10|2"/>
		<i3dMapping id="turnOnRotationNode04" node="0>0|10|3"/>
		<i3dMapping id="turnOnRotationNode05" node="0>0|10|4"/>
		<i3dMapping id="turnOnRotationNode06" node="0>0|10|5"/>
		<i3dMapping id="turnOnRotationNode07" node="0>0|10|6"/>
		<i3dMapping id="turnOnRotationNode08" node="0>0|10|7"/>
		<i3dMapping id="turnOnRotationNode09" node="0>0|10|8"/>
		<i3dMapping id="turnOnRotationNode10" node="0>0|10|9"/>
		<i3dMapping id="turnOnRotationNode11" node="0>0|10|10"/>
		<i3dMapping id="turnOnRotationNode12" node="0>0|10|11"/>
		<i3dMapping id="weederHydraulics" node="0>0|11|0"/>
		<i3dMapping id="springDirection" node="0>0|11|0|0"/>
		<i3dMapping id="springTranslation" node="0>0|11|0|0"/>
		<i3dMapping id="springScale" node="0>0|11|0|0|0"/>
		<i3dMapping id="backArm" node="0>0|11|1"/>
		<i3dMapping id="weeder" node="0>0|11|1|0"/>
		<i3dMapping id="weederHydraulicsRef" node="0>0|11|1|3"/>
		<i3dMapping id="springDirectionRef" node="0>0|11|1|1"/>
		<i3dMapping id="springScaleRef" node="0>0|11|1|2"/>
		<i3dMapping id="componentJoint0" node="0>0|11|2"/>
		<i3dMapping id="referenceFrame" node="0>0|11|3"/>
		<i3dMapping id="TraceurGauche" node="0>0|13|0"/>
		<i3dMapping id="TraceurDroit" node="0>0|14|0"/>
		<i3dMapping id="VerinTraceurGauche" node="0>0|13|1"/>
		<i3dMapping id="VerinTraceurGauchePush" node="0>0|13|1|0"/>
		<i3dMapping id="VerinTraceurGaucheRef" node="0>0|13|0|2"/>
		<i3dMapping id="VerinTraceurDroit" node="0>0|14|1"/>
		<i3dMapping id="VerinTraceurDroitPush" node="0>0|14|1|0"/>
		<i3dMapping id="VerinTraceurDroitRef" node="0>0|14|0|2"/>
		<i3dMapping id="backArmRef" node="1>0"/>
		<i3dMapping id="weederRef" node="1>1"/>
		<i3dMapping id="VerinCover" node="0>0|15|0|0"/>
		<i3dMapping id="VerinCoverPush" node="0>0|15|0|0|0"/>
		<i3dMapping id="VerinCoverRef" node="0>0|15|2"/>
		<i3dMapping id="arealeft" node="0>0|20|0"/>
		<i3dMapping id="areaRight" node="0>0|20|1"/>
		<i3dMapping id="areaBack" node="0>0|20|2"/>
		<i3dMapping id="collisionTrigger" node="0>0|20|3"/>
		<i3dMapping id="Hoses01" node="0>0|22|0"/>
		<i3dMapping id="Hoses013d" node="0>0|22|0|0"/>
		<i3dMapping id="hydraulic01" node="0>0|22|0|0|0"/>
		<i3dMapping id="Hoses02" node="0>0|22|1"/>
		<i3dMapping id="Hoses023d" node="0>0|22|1|0"/>
		<i3dMapping id="hydraulic02" node="0>0|22|1|0|0"/>
		<i3dMapping id="Hoses03" node="0>0|22|2"/>
		<i3dMapping id="Hoses033d" node="0>0|22|2|0"/>
		<i3dMapping id="hydraulic03" node="0>0|22|2|0|0"/>
		<i3dMapping id="Hoses04" node="0>0|22|3"/>
		<i3dMapping id="Hoses043d" node="0>0|22|3|0"/>
		<i3dMapping id="hydraulic04" node="0>0|22|3|0|0"/>
	</i3dMappings>
</vehicle>
